playlist_id,playlist_title,item_count,series_name,category
PLcCTPbs8iOoGEJUNwS0BtuBvL0WnVen_M,【Joeman開箱去】,337,Joeman開箱去,3C開箱評測
PLcCTPbs8iOoGa-Vb-mooddqfO4k-of4EV,【Joe是要對決】第二季,241,Joe是要對決,挑戰/企劃
PLcCTPbs8iOoHj5SbqD5vbLL6iptiwA0uU,《人中之龍0 誓約的場所》,63,,遊戲實況
PLcCTPbs8iOoEz2CwEREvPUOMxfSYD0QRz,【Joeman Show】,47,Joeman Show,人物/訪談
PLcCTPbs8iOoHM9OGquPvHStQJgdwmO2ZP,Joeman網紅觀察室,36,網紅觀察室,人物/訪談
PLcCTPbs8iOoE08qUCr18dWGbd5YCned30,刀塔傳奇,36,,遊戲實況
PLcCTPbs8iOoGbuo7SeywCxFbcj2_M6e14,《GTAV 俠盜獵車手5》,35,,遊戲實況
PLcCTPbs8iOoFBLo5Xu3wG_OVfm0Vt_JH5,《俠客風雲傳》,34,,遊戲實況
PLcCTPbs8iOoEZh1Z9xvvQPrB3bCrcPQvc,【Joeman九件事】網路人物誌,30,九件事,人物/訪談
PLcCTPbs8iOoGbMRs6Q3gBYXKJOfcwy_-s,《人中之龍 極》實況影片,29,,遊戲實況
PLcCTPbs8iOoHAHRQa1rYCkK7_bX_Y4VpP,Joeman帶你去吃各地美食,27,帶你去吃各地美食,美食
PLcCTPbs8iOoF40clrJQxMMpVPHKowJzAF,靈能的挑戰,25,靈能的挑戰,挑戰/企劃
PLcCTPbs8iOoH-QZB5enXCvnTJPzDduWv0,《進化之地2》Evoland2,22,,遊戲實況
PLcCTPbs8iOoF4w7vHvrI7fLV_HnWbEq5Q,《潛龍諜影5:幻痛》Metal Gear Solid V : The Phantom Pain,22,,遊戲實況
PLcCTPbs8iOoGkOojE5u2dXozcRPcPvPVr,Joe是要收藏,20,Joe是要收藏,玩具/收藏
PLcCTPbs8iOoEiLXAcksB-KerZny6Xpe1N,【Joeman出來玩】,20,Joeman出來玩,日常Vlog
PLcCTPbs8iOoE2hkPCC-qvxWicpkwQ9zBv,Joeman脫口秀,20,Joeman脫口秀,人物/訪談
PLcCTPbs8iOoFP_HnWIzgfvrEaRUYymDtq,《Joe是要看房》,19,Joe是要看房,看房/房產
PLcCTPbs8iOoG7dUpqnr0lJNSRlX6MUuar,Joe是要看房-日本篇,19,Joe是要看房,看房/房產
PLcCTPbs8iOoG_CM-x2wAvX_EkP8VyaHwy,【Joeman】飛機餐與貴賓室,19,飛機餐與貴賓室,旅遊/航空
PLcCTPbs8iOoEolVdhiPf_z_6So_31DnpJ,《Starcraft2 SPL2015》 Round 2,19,,電競賽事
PLcCTPbs8iOoGhGlNt2dVwjMDtx2s3rm1Y,《Dying Light 垂死之光 》實況,19,,遊戲實況
PLcCTPbs8iOoFdwrXQEzi1tvUCEBXRCPxa,刀塔冷知識,18,,遊戲實況
PLcCTPbs8iOoFSo97FvMsCaiaPyfSvdmSD,【Joe是要對決】第一季,17,Joe是要對決,挑戰/企劃
PLcCTPbs8iOoGgvKR2-6BxfvKC-A6weiOh,Life is Strange《奇妙人生》,17,,遊戲實況
PLcCTPbs8iOoGk8lxBHjOOdPmZVlOly9Bp,《仙劍奇俠傳6》,17,,遊戲實況
PLcCTPbs8iOoEpAxBKSaqAHA14w84CtrY7,Dead Space 《絕命異次元》,17,,遊戲實況
PLcCTPbs8iOoH05lht1wFpedTaYnkP8S0Y,《超能殺機：兩個靈魂》Beyond : Two Souls,16,,遊戲實況
PLcCTPbs8iOoE8shzn06DGbpujWlofRxPc,【Joeman一起轉蛋去】,15,一起轉蛋去,玩具/收藏
PLcCTPbs8iOoEr5cxQMthdm8TAnKvqSW-_,【Joeman九件事】第二季精華,15,九件事,人物/訪談
PLcCTPbs8iOoFa_eno0CfxmYK1giqlpaGE,《刺客教條 梟雄》Assassin's Creed Syndicate,15,,遊戲實況
PLcCTPbs8iOoFD88tqsF2RG8XAymNCskuc,Champion of New Maelstrom盃,15,,電競賽事
PLcCTPbs8iOoE7hj-FPudiXGI5n409sbyQ,《暴雪英霸》日常,15,,遊戲實況
PLcCTPbs8iOoED1ohdzi_eKv0We0X8OHwy,刀塔傳奇 團副研究院,13,,遊戲實況
PLcCTPbs8iOoHJrA-2rwMySVJxW8j5rb6R,Joe是要看房-美國篇,12,Joe是要看房,看房/房產
PLcCTPbs8iOoGjHb0jhhPFkbCjXeuodotA,開箱精華版,12,Joeman開箱去,3C開箱評測
PLcCTPbs8iOoEt2GmRRmOL8MoPI_JoJw7p,《人中之龍》劇情電影,12,,遊戲實況
PLcCTPbs8iOoFZHfbzZivldG-3Dw-c0e_N,《古墓奇兵 崛起》Rise of the Tomb Raider,12,,遊戲實況
PLcCTPbs8iOoGmIZVQpWxeaBNMSDRM6MzE,《秘境探險2 : 盜亦有道》Uncharted 2 Among Thieves,12,,遊戲實況
PLcCTPbs8iOoHOrDRGuexozEYPQDwWfHUa,《最後生還者》The Last of Us,12,,遊戲實況
PLcCTPbs8iOoEHRkxMb283uFfjMq4Ga7kr,《直到黎明》Until Dawn,11,,遊戲實況
PLcCTPbs8iOoGcAm_tTanIic5CzyeFuRcc,South Park Stick of Truth 《南方公園 真實之杖》,11,,遊戲實況
PLcCTPbs8iOoFaOhlxNlZeJ2967qZi8xY-,《我獨自穿越日本》,10,,旅遊/航空
PLcCTPbs8iOoHz-McFoKHDBo_mSNfluSr4,【Joeman】筆電開箱,10,,3C開箱評測
PLcCTPbs8iOoHWtVUbaRwW6hYs282AUv6m,Joeman 直播花絮,10,,日常Vlog
PLcCTPbs8iOoHkj_if4QyhIwKY1bPyIjEk,《惡靈古堡 啟示2》劇情直播 Resident Evil Biohazard Revelations 2 GamePlay  Walkthrough,10,,遊戲實況
PLcCTPbs8iOoFvC1X8k5DjtmrZVyJQilKP,爐石戰記 直播精華,9,,遊戲實況
PLcCTPbs8iOoFCNrZFrRX5_EZrddRQI_wv,Joeman工作室日常廢片,8,,日常Vlog
PLcCTPbs8iOoHicZOv6KA195mlxieG_1Gx,【Joeman】全世界的網咖體驗,8,全世界的網咖體驗,日常Vlog
PLcCTPbs8iOoFZECUjQQjD-5aGMcZiHv6s,【Joeman的莫斯科之旅】,8,,旅遊/航空
PLcCTPbs8iOoG5WVHDMhPE6Qkt_GLvMeJX,Joeman Vlog,8,Joeman Vlog,日常Vlog
PLcCTPbs8iOoFXW1l1HH5bomCMlvvJ_iRO,Prison Architect 《監獄建築師》,7,,遊戲實況
PLcCTPbs8iOoEF9RJLhs6TblX1s7Y74zJo,"《Paper,Please》 請出示文件-海關人生",7,,遊戲實況
PLcCTPbs8iOoHiGmJbBpJ74Bo9lxhtgfJo,《惡靈古堡 啟示》劇情直播 Resident Evil Biohazard Revelations GamePlay  Walkthrough,7,,遊戲實況
PLcCTPbs8iOoGU17tfUpU0nGMYcD-Rpyhj,【Joeman】偉哉淘寶！最狂網拍開箱,6,,3C開箱評測
PLcCTPbs8iOoHOhUAWfj6OaBBUS4kciKw7,【Joeman夾娃娃】,6,Joeman夾娃娃,玩具/收藏
PLcCTPbs8iOoGMbcH_GElOBOcqSX6cyPXO,Surgeon Simulator 《手術模擬器》,6,,遊戲實況
PLcCTPbs8iOoEx4fV3Gm4CwHaUBjpAKFF1,《波可龍迷宮》,6,,遊戲實況
PL889503D04A4C1E99,星海時光屋第一季-青銅救星,6,,電競賽事
PLcCTPbs8iOoG4hvvSGKMw5whwcVlaFc61,【Joeman百元販賣機】,5,百元販賣機,玩具/收藏
PLcCTPbs8iOoE2cc0Zbm0lt_kCLyRyTihF,Joeman【一起打槍去】,5,一起打槍去,挑戰/企劃
PLcCTPbs8iOoElFr0BqqyG7MOP5_bYPMEG,《秘境探險：黃金城秘寶》Uncharted: Drake's Fortune,5,,遊戲實況
PLcCTPbs8iOoH1g8LlzAboxOi-WLUq3ISF,【Joeman】我的貓咪小公主,4,,寵物
PLcCTPbs8iOoFcNkm5CZx6kNDSQjhX3b5Q,【Joeman的首爾之旅】,4,,旅遊/航空
PLcCTPbs8iOoGQBMGtW-hesQ65fKahbWQi,《量子裂痕》Quantum Break,4,,遊戲實況
PLcCTPbs8iOoH1ahNj6LqkKLAMxLwwzwSS,BroForce 武裝兄弟連,4,,遊戲實況
PLcCTPbs8iOoEklKwxRT9P3PQNUJyjzSw6,2015 KeSPA Cup Season1,4,,電競賽事
PLcCTPbs8iOoFXWzwO1tnyTUT6nKGbGKvT,《Starcraft2 SPL2015》 Round 3,4,,電競賽事
PLcCTPbs8iOoHTwlDCS3GacsZepqB4QLZT,2015 台港澳WCS 第一季,4,,電競賽事
PLcCTPbs8iOoEQ0xQavCb9VxHFpkuHriKG,【第九人稱】,3,第九人稱,人物/訪談
PLcCTPbs8iOoFwwOTSWVi3hax9FytJqCkx,加密貨幣三部曲,3,加密貨幣三部曲,財經/投資
PLcCTPbs8iOoEDC2rcBDfn5ol_Yzjw7m86,TWOP精華,3,,電競賽事
PLe6vq5arbWUU,《公車食刻表》,2,,美食
PLcCTPbs8iOoFyICSv0bRCDcycsFyjy9Tw,《Joe是要跟團》,2,,旅遊/航空
PLcCTPbs8iOoHtCMGG7b7AGKF9k81qtTew,【九讀】,2,九讀,人物/訪談
PLcCTPbs8iOoGv99TMKre0KtRwhgysknvs,《Joeman玩什麼》,2,,遊戲實況
PLcCTPbs8iOoH3J_0h6FwcEtnOtfAZFTbx,《佛萊迪的午夜驚魂4》,2,,遊戲實況
PLcCTPbs8iOoHIpXL-dZC8DhVOOExdlIFi,2015 SPL 精華,2,,電競賽事
PLcCTPbs8iOoH0WfARatH2kq-iRe0nwAI5,《GTA5俠盜獵車手 小劇場》,2,,遊戲實況
PLcCTPbs8iOoEIpDXgXOuuOycmMp9oCcda,美食精華版,1,帶你去吃各地美食,美食
PLcCTPbs8iOoGn92ksv1xYZFh8C3_cgQxk,《超激!遊戲名模主播生死鬥》,1,,遊戲實況
