series_name,title_pattern,category
Joe是要對決,Joe是要對決|Joe是要对决,挑戰/企劃
Joeman開箱去,開箱去,3C開箱評測
九件事,九件事,人物/訪談
網紅觀察室,網紅觀察室,人物/訪談
Joeman Show,Joeman Show,人物/訪談
Joeman脫口秀,脫口秀,人物/訪談
Joe是要看房,是要看房,看房/房產
飛機餐與貴賓室,飛機餐|貴賓室,旅遊/航空
Joe是要收藏,是要收藏,玩具/收藏
一起轉蛋去,轉蛋,玩具/收藏
Joeman夾娃娃,夾娃娃,玩具/收藏
百元販賣機,百元販賣機,玩具/收藏
神秘客挑戰賽,神秘客,挑戰/企劃
靈能的挑戰,靈能的挑戰,挑戰/企劃
帶你去吃各地美食,帶你去吃,美食
我獨自穿越日本,我獨自穿越日本,旅遊/航空
公車食刻表,《公車食刻表,美食
Joe是要跟團,是要跟團|跟團一日遊,旅遊/航空
Joe是要闖關,是要闖關,挑戰/企劃
Joe是要切開,是要切開,挑戰/企劃
愛吃大胃王爭霸戰,大胃王爭霸戰,美食
工作室日常廢片,工作室日常廢片|日常廢片,日常Vlog
九讀,九讀,人物/訪談
第九人稱,第九人稱,人物/訪談
